{
    "general": 0.1724137931034483,
    "Search": 0.15,
    "Lookup": 0.3333333333333333,
    "Finish": 0.0
}