{
    "general": 0.39285714285714285,
    "Search": 0.47368421052631576,
    "Finish": 0.5,
    "Lookup": 0.0
}