{
    "general": 0.06666666666666667,
    "Search": 0.06451612903225806,
    "Lookup": 0.16666666666666666,
    "Finish": 0.0
}