{
    "general": 0.04878048780487805,
    "Search": 0.03125,
    "Lookup": 0.2,
    "Finish": 0.0
}