{
    "general": 0.45454545454545453,
    "Search": 0.35294117647058826,
    "Lookup": 0.75,
    "Finish": 1.0
}