{
    "general": 0.058823529411764705,
    "Search": 0.05660377358490566,
    "Lookup": 0.1111111111111111,
    "Finish": 0.0
}