{
    "general": 0.05,
    "Search": 0.047619047619047616,
    "Lookup": 0.1111111111111111,
    "Finish": 0.0
}