{
    "general": 0.05555555555555555,
    "Search": 0.03571428571428571,
    "Lookup": 0.2,
    "Finish": 0.0
}