{
    "general": 0.46153846153846156,
    "Search": 0.5555555555555556,
    "Finish": 0.42857142857142855,
    "Lookup": 0.0
}