{
    "general": 0.4473684210526316,
    "Search": 0.5384615384615384,
    "Finish": 0.42857142857142855,
    "Lookup": 0.0
}