{
    "general": 0.043478260869565216,
    "Search": 0.04,
    "Lookup": 0.1111111111111111,
    "Finish": 0.0
}