{
    "general": 0.14285714285714285,
    "Search": 0.18181818181818182,
    "Finish": 0.0,
    "Lookup": 0.0
}