{
    "general": 0.5555555555555556,
    "Search": 0.42857142857142855,
    "Lookup": 1.0
}