{
    "general": 0.47619047619047616,
    "Search": 0.5714285714285714,
    "Finish": 0.5,
    "Lookup": 0.0
}