{
    "general": 0.3333333333333333,
    "Search": 0.4444444444444444,
    "Finish": 0.0
}