{
    "general": 0.024390243902439025,
    "Search": 0.015873015873015872,
    "Lookup": 0.09090909090909091,
    "Finish": 0.0
}