{
    "general": 0.06666666666666667,
    "Search": 0.041666666666666664,
    "Lookup": 0.2,
    "Finish": 0.0
}