{
    "general": 0.07894736842105263,
    "Search": 0.07407407407407407,
    "Lookup": 0.2,
    "Finish": 0.0
}