{
    "general": 0.47058823529411764,
    "Search": 0.6363636363636364,
    "Finish": 0.3333333333333333,
    "Lookup": 0.0
}