{
    "general": 0.5,
    "Search": 0.6666666666666666,
    "Finish": 0.3333333333333333,
    "Lookup": 0.0
}