{
    "general": 0.11428571428571428,
    "Search": 0.11538461538461539,
    "Lookup": 0.16666666666666666,
    "Finish": 0.0
}