{
    "general": 0.06060606060606061,
    "Search": 0.038461538461538464,
    "Lookup": 0.2,
    "Finish": 0.0
}