{
    "general": 0.5555555555555556,
    "Search": 0.6666666666666666,
    "Finish": 0.5,
    "Lookup": 0.0
}