{
    "general": 0.028985507246376812,
    "Search": 0.018867924528301886,
    "Lookup": 0.1111111111111111,
    "Finish": 0.0
}