{
    "general": 0.47058823529411764,
    "Search": 0.5652173913043478,
    "Finish": 0.5,
    "Lookup": 0.0
}