{
    "general": 0.45454545454545453,
    "Search": 0.5454545454545454,
    "Finish": 0.5,
    "Lookup": 0.0
}