{
    "general": 0.47619047619047616,
    "Search": 0.5294117647058824,
    "Finish": 0.25
}