{
    "general": 0.17647058823529413,
    "Search": 0.18181818181818182,
    "Lookup": 0.25,
    "Finish": 0.0
}