{
    "general": 0.029850746268656716,
    "Search": 0.019230769230769232,
    "Lookup": 0.1111111111111111,
    "Finish": 0.0
}