{
    "general": 0.36585365853658536,
    "Search": 0.32142857142857145,
    "Lookup": 0.36363636363636365,
    "Finish": 1.0
}