{
    "general": 0.07692307692307693,
    "Search": 0.047619047619047616,
    "Lookup": 0.2
}