{
    "general": 0.10256410256410256,
    "Search": 0.10344827586206896,
    "Lookup": 0.16666666666666666,
    "Finish": 0.0
}