{
    "general": 0.05194805194805195,
    "Search": 0.05,
    "Lookup": 0.1111111111111111,
    "Finish": 0.0
}