{
    "general": 0.38461538461538464,
    "Search": 0.3333333333333333,
    "Lookup": 0.6666666666666666,
    "Finish": 0.0
}