{
    "general": 0.29411764705882354,
    "Search": 0.3076923076923077,
    "Finish": 0.5,
    "Lookup": 0.0
}