{
    "general": 0.46875,
    "Search": 0.5454545454545454,
    "Finish": 0.6,
    "Lookup": 0.0
}