{
    "general": 0.45161290322580644,
    "Search": 0.5238095238095238,
    "Finish": 0.6,
    "Lookup": 0.0
}