{
    "general": 0.3684210526315789,
    "Search": 0.26666666666666666,
    "Lookup": 0.75
}