{
    "general": 0.3888888888888889,
    "Search": 0.2857142857142857,
    "Lookup": 0.75
}