{
    "general": 0.13793103448275862,
    "Search": 0.13636363636363635,
    "Lookup": 0.2,
    "Finish": 0.0
}