{
    "general": 0.09090909090909091,
    "Search": 0.09090909090909091,
    "Lookup": 0.16666666666666666,
    "Finish": 0.0
}