{
    "general": 0.07317073170731707,
    "Search": 0.07142857142857142,
    "Lookup": 0.16666666666666666,
    "Finish": 0.0
}