{
    "general": 0.3157894736842105,
    "Search": 0.2857142857142857,
    "Finish": 0.6666666666666666,
    "Lookup": 0.0
}