{
    "general": 0.2777777777777778,
    "Search": 0.23076923076923078,
    "Finish": 0.6666666666666666,
    "Lookup": 0.0
}