{
    "general": 0.5454545454545454,
    "Search": 0.7142857142857143,
    "Finish": 0.3333333333333333,
    "Lookup": 0.0
}