{
    "general": 0.034482758620689655,
    "Search": 0.022222222222222223,
    "Lookup": 0.125,
    "Finish": 0.0
}