{
    "general": 0.16666666666666666,
    "Lookup": 0.3333333333333333,
    "Search": 0.1111111111111111
}