{
    "general": 0.056338028169014086,
    "Search": 0.05454545454545454,
    "Lookup": 0.1111111111111111,
    "Finish": 0.0
}