{
    "general": 0.3225806451612903,
    "Search": 0.2857142857142857,
    "Lookup": 0.3333333333333333,
    "Finish": 1.0
}