{
    "general": 0.21428571428571427,
    "Search": 0.2222222222222222,
    "Lookup": 0.25,
    "Finish": 0.0
}