{
    "general": 0.15789473684210525,
    "Search": 0.16666666666666666,
    "Lookup": 0.25,
    "Finish": 0.0
}