{
    "general": 0.10344827586206896,
    "Search": 0.10526315789473684,
    "Lookup": 0.2,
    "Finish": 0.0
}