{
    "general": 0.20833333333333334,
    "Search": 0.17647058823529413,
    "Lookup": 0.4,
    "Finish": 0.0
}